Loss Function,Algorithm,Dataset Length,Dataset Width,Subset Length,Computation Time,Loss
"Uni-criterion: preserveMetric, hull",greedyMinSubset,200,2,9,0.07317258277907968,0.0
"Uni-criterion: preserveMetric, hull",greedyMinSubset,200,2,9,0.07850275002419949,0.0
"Uni-criterion: preserveMetric, hull",greedyMinSubset,200,2,9,0.08522158302366734,0.0
"Uni-criterion: preserveMetric, hull",greedyMinSubset,200,2,9,0.07728620758280158,0.0
"Uni-criterion: preserveMetric, hull",greedyMinSubset,200,2,9,0.07322066696360707,0.0
"Uni-criterion: preserveMetric, hull",greedyMinSubset,200,2,9,0.07752608275040984,0.0
"Uni-criterion: preserveMetric, hull",greedyMinSubset,200,2,9,0.07825316581875086,0.0
"Uni-criterion: preserveMetric, hull",greedyMinSubset,200,2,9,0.0774826668202877,0.0
"Uni-criterion: preserveMetric, hull",greedyMinSubset,200,2,9,0.08167708432301879,0.0
"Uni-criterion: preserveMetric, hull",greedyMinSubset,200,2,9,0.07435220899060369,0.0
"Uni-criterion: preserveMetric, hull",greedyMinSubset,200,2,9,0.07715724967420101,0.0
"Uni-criterion: sum, outlierness",greedySwap,200,2,40,0.028571959119290113,-83.00160578686646
"Uni-criterion: preserveMetric, hull",greedyMinSubset,200,2,8,0.09449754096567631,0.0
"Uni-criterion: sum, outlierness",greedySwap,200,2,40,0.03406029101461172,-82.66069589660857
"Uni-criterion: distinctness, distances",greedySwap,200,2,60,0.16028858395293355,-84.45664299596237
"Uni-criterion: preserveMetric, hull",greedyMinSubset,200,2,9,0.08147954102605581,0.0
"Uni-criterion: preserveMetric, hull",greedyMinSubset,200,2,13,0.11059033405035734,0.0
"Uni-criterion: preserveMetric, hull",greedyMinSubset,200,2,9,0.0863709170371294,0.0
"Uni-criterion: preserveMetric, hull",greedyMinSubset,200,2,9,0.0740786250680685,0.0
"Uni-criterion: sum, outlierness",greedySwap,200,2,40,0.033992249984294176,-84.54589628703302
"Uni-criterion: distinctness, distances",greedySwap,200,2,60,0.1607582913711667,-81.86395834115001
"Multi-criterion: 100*(earthMoversDistance) + 1*(distinctness, distances)",greedySwap,200,2,80,8.82104833330959,-25.188865690667818
"Multi-criterion: 10*(earthMoversDistance) + 1*(distinctness, distances)",greedySwap,200,2,80,9.348917667288333,-78.67270140126473
"Multi-criterion: 1*(earthMoversDistance) + 1*(distinctness, distances)",greedySwap,200,2,80,11.100845790933818,-87.84137713354008
"Uni-criterion: preserveMetric, hull",greedyMinSubset,200,2,9,0.08417670801281929,0.0
"Uni-criterion: preserveMetric, hull",greedyMinSubset,200,2,9,0.08312133280560374,0.0
"Uni-criterion: preserveMetric, hull",greedyMinSubset,200,2,11,0.09199658269062638,0.0
"Uni-criterion: sum, outlierness",greedySwap,200,2,40,0.03439829172566533,-76.52548733430072
"Uni-criterion: distinctness, distances",greedySwap,200,2,60,0.16334479115903378,-71.10396031803283
"Multi-criterion: 100*(earthMoversDistance) + 1*(distinctness, distances)",greedySwap,200,2,80,8.926938584074378,-34.18685064183635
"Uni-criterion: preserveMetric, hull",greedyMinSubset,200,2,9,0.08443129109218717,0.0
"Uni-criterion: preserveMetric, hull",greedyMinSubset,200,2,12,0.10422499990090728,0.0
"Uni-criterion: preserveMetric, hull",greedyMinSubset,200,2,10,0.08931229170411825,0.0
"Uni-criterion: preserveMetric, hull",greedyMinSubset,200,2,7,0.07279970869421959,0.0
"Uni-criterion: preserveMetric, hull",greedyMinSubset,200,2,10,0.09106883406639099,0.0
"Uni-criterion: preserveMetric, hull",greedyMinSubset,200,2,9,0.07939420826733112,0.0
"Uni-criterion: sum, outlierness",greedySwap,200,2,40,0.035825416911393404,-77.29872080465749
"Uni-criterion: distinctness, distances",greedySwap,200,2,60,0.15776562504470348,-73.12135522562879
"Uni-criterion: preserveMetric, hull",greedyMinSubset,200,2,8,0.08814891707152128,0.0
"Uni-criterion: sum, outlierness",greedySwap,200,2,40,0.0881077079102397,-99.75139918380013
"Uni-criterion: distinctness, distances",greedySwap,200,2,60,0.2870826250873506,-76.88675037532666
"Multi-criterion: 100*(earthMoversDistance) + 1*(distinctness, distances)",greedySwap,200,2,80,9.175601665861905,-40.11565830101138
"Multi-criterion: 10*(earthMoversDistance) + 1*(distinctness, distances)",greedySwap,200,2,80,9.356814333703369,-76.65185552813224
"Multi-criterion: 1*(earthMoversDistance) + 1*(distinctness, distances)",greedySwap,200,2,80,11.165674250107259,-81.05143913364613
"Uni-criterion: preserveMetric, mean",worstOfRandom,1000,10,10,0.0292369588278234,9.198305574729122
"Uni-criterion: preserveMetric, mean",bestOfRandom,1000,10,10,0.028541583102196455,1.3894928584717083
"Uni-criterion: preserveMetric, mean",greedySwap,1000,10,10,0.13707087468355894,0.5377753781976218
"Uni-criterion: preserveMetric, range",worstOfRandom,1000,10,10,0.026246124878525734,109.42792301666869
"Uni-criterion: preserveMetric, range",bestOfRandom,1000,10,10,0.025422124657779932,67.9094572323412
"Uni-criterion: preserveMetric, range",greedySwap,1000,10,10,0.11163204209879041,23.139741839423703
"Uni-criterion: preserveMetric, variance",worstOfRandom,1000,10,10,0.040997583884745836,33.163418779054865
"Uni-criterion: preserveMetric, variance",bestOfRandom,1000,10,10,0.03368045808747411,5.122966903670596
"Uni-criterion: preserveMetric, variance",greedySwap,1000,10,10,0.18226074986159801,1.7610126668908592
Uni-criterion: pcpLineCrossings,worstOfRandom,1000,10,10,0.15455975010991096,251.0
Uni-criterion: pcpLineCrossings,bestOfRandom,1000,10,10,0.1509659173898399,151.0
Uni-criterion: pcpLineCrossings,greedySwap,1000,10,10,1.319750000257045,84.0
Uni-criterion: discreteCoverage,worstOfRandom,1000,10,10,0.03174870880320668,-25.0
Uni-criterion: discreteCoverage,bestOfRandom,1000,10,10,0.026619874872267246,-40.0
Uni-criterion: discreteCoverage,greedySwap,1000,10,10,0.10966670885682106,-53.0
"Uni-criterion: preserveMetric, discreteDistribution",worstOfRandom,1000,10,10,0.029847667086869478,6.097999999999999
"Uni-criterion: preserveMetric, discreteDistribution",bestOfRandom,1000,10,10,0.029892582911998034,2.588
"Uni-criterion: preserveMetric, discreteDistribution",greedySwap,1000,10,10,0.13888537511229515,1.638
"Uni-criterion: distinctness, distances",worstOfRandom,1000,2,10,0.03159516677260399,-3.325124956241212
"Uni-criterion: distinctness, distances",bestOfRandom,1000,2,10,0.03259162465110421,-27.10271348458167
"Uni-criterion: distinctness, distances",greedySwap,1000,2,10,0.1527112922631204,-55.81886893905185
"Uni-criterion: spread, distances",worstOfRandom,1000,2,10,0.03820183267816901,-144.2366774800783
"Uni-criterion: spread, distances",bestOfRandom,1000,2,10,0.030908292159438133,-602.2538652359489
"Uni-criterion: spread, distances",greedySwap,1000,2,10,0.14518300024792552,-1035.7090474217432
Uni-criterion: clusterCenters,worstOfRandom,1000,2,10,0.029493208974599838,11.847265520187392
Uni-criterion: clusterCenters,bestOfRandom,1000,2,10,0.02857504179701209,2.789513312747127
Uni-criterion: clusterCenters,greedySwap,1000,2,10,0.13878262508660555,0.7724079671652213
"Uni-criterion: preserveMetric, mean",worstOfRandom,1000,10,10,0.02800250006839633,9.50451408816041
"Uni-criterion: preserveMetric, mean",bestOfRandom,1000,10,10,0.02774458285421133,1.4512032863232234
"Uni-criterion: preserveMetric, mean",greedySwap,1000,10,10,0.13165183318778872,0.5215736802170967
"Uni-criterion: preserveMetric, mean",worstOfRandom,1000,10,10,0.031927124597132206,9.503260009237106
"Uni-criterion: preserveMetric, mean",bestOfRandom,1000,10,10,0.027917416766285896,1.460277122561562
"Uni-criterion: preserveMetric, mean",greedySwap,1000,10,10,0.132963459007442,0.5640211475433015
"Uni-criterion: preserveMetric, hull",greedyMinSubset,200,2,10,0.08583308400011447,0.0
"Uni-criterion: sum, outlierness",greedySwap,200,2,40,0.03175995800029341,-81.35404458341424
"Uni-criterion: distinctness, distances",greedySwap,200,2,60,0.16693012500036275,-83.95544350897778
"Uni-criterion: preserveMetric, hull",greedyMinSubset,200,2,9,0.07353841700023622,0.0
"Uni-criterion: sum, outlierness",greedySwap,200,2,40,0.03256029200019839,-69.60149355751726
"Uni-criterion: distinctness, distances",greedySwap,200,2,60,0.15679762499985372,-72.5809741971094
"Multi-criterion: 100*(earthMoversDistance) + 1*(distinctness, distances)",greedySwap,200,2,80,8.897876584000187,-38.19786578061197
"Multi-criterion: 10*(earthMoversDistance) + 1*(distinctness, distances)",greedySwap,200,2,80,9.382594166999297,-71.67868194859224
"Multi-criterion: 1*(earthMoversDistance) + 1*(distinctness, distances)",greedySwap,200,2,80,10.003441083000325,-76.19767611430132
"Uni-criterion: distinctness, distances",greedyMixed,200,2,32,0.06363425000017742,-42.57843298944509
"Uni-criterion: distinctness, distances",greedyMixed,200,2,24,0.04308179100007692,-46.946516069915035
"Uni-criterion: distinctness, distances",greedyMixed,200,2,93,0.19906350000019302,-75.52440490189333
"Uni-criterion: preserveMetric, hull",greedyMinSubset,200,2,9,0.21874955005478114,0.0
"Uni-criterion: sum, outlierness",greedySwap,200,2,40,0.07826007495168597,-90.13755098825027
"Uni-criterion: distinctness, distances",greedySwap,200,2,60,0.37014091794844717,-79.50227671177676
"Multi-criterion: 100*(earthMoversDistance) + 1*(distinctness, distances)",greedySwap,200,2,80,15.73197605391033,-32.55223216743509
"Multi-criterion: 10*(earthMoversDistance) + 1*(distinctness, distances)",greedySwap,200,2,80,16.175244768033735,-76.96445453840944
"Multi-criterion: 1*(earthMoversDistance) + 1*(distinctness, distances)",greedySwap,200,2,80,17.552692768978886,-83.85905074849741
"Uni-criterion: distinctness, distances",greedyMixed,200,2,20,0.10706425900571048,-48.77689734061066
"Uni-criterion: distinctness, distances",greedyMixed,200,2,34,0.17249133007135242,-58.143885051562634
"Uni-criterion: distinctness, distances",greedyMixed,200,2,44,0.22814954188652337,-70.88814419477815
"Uni-criterion: sum, outlierness",greedySwap,200,2,40,0.036993279005400836,-75.42053427241072
"Uni-criterion: preserveMetric, hull",greedyMinSubset,200,2,12,0.27527309604920447,0.0
"Uni-criterion: preserveMetric, hull",greedyMinSubset,200,2,7,0.203717328957282,0.0
"Uni-criterion: preserveMetric, hull",greedyMinSubset,200,2,9,0.25889185711275786,0.0
"Uni-criterion: preserveMetric, hull",greedyMinSubset,200,2,9,0.2248084848979488,0.0
"Uni-criterion: preserveMetric, hull",greedyMinSubset,200,2,8,0.2031262150267139,0.0
"Uni-criterion: sum, outlierness",greedySwap,200,2,40,0.035176230943761766,-66.43006587269934
"Uni-criterion: preserveMetric, hull",greedyMinSubset,200,2,7,0.1945001189596951,0.0
"Uni-criterion: preserveMetric, hull",greedyMinSubset,200,2,7,0.18785801599733531,0.0
"Uni-criterion: preserveMetric, hull",greedyMinSubset,200,2,7,0.234673575963825,0.0
"Uni-criterion: preserveMetric, hull",greedyMinSubset,200,2,11,0.29593419295269996,0.0
"Uni-criterion: sum, outlierness",greedySwap,200,2,40,0.11445782298687845,-77.13353928048035
"Uni-criterion: distinctness, distances",greedySwap,200,2,60,0.5462852430064231,-74.18261659032585
"Multi-criterion: 100*(earthMoversDistance) + 1*(distinctness, distances)",greedySwap,200,2,80,16.019615472992882,-39.956777992395615
"Multi-criterion: 10*(earthMoversDistance) + 1*(distinctness, distances)",greedySwap,200,2,80,15.961098090047017,-71.3535755814987
"Multi-criterion: 1*(earthMoversDistance) + 1*(distinctness, distances)",greedySwap,200,2,80,17.308373406063765,-76.92932448798969
"Uni-criterion: distinctness, distances",greedyMixed,200,2,16,0.10311844199895859,-36.98853938692782
"Uni-criterion: distinctness, distances",greedyMixed,200,2,40,0.3425103520276025,-55.53023413167705
"Uni-criterion: distinctness, distances",greedyMixed,200,2,102,0.7111876929411665,-77.72499108526614
"Uni-criterion: sum, outlierness",greedySwap,200,2,40,0.17156568495556712,-107.85032842123348
"Uni-criterion: sum, outlierness",greedySwap,200,2,40,0.009137309971265495,-59.99163302732708
"Uni-criterion: preserveMetric, hull",greedyMinSubset,200,2,10,0.28689464705530554,0.0
"Uni-criterion: sum, outlierness",greedySwap,200,2,40,0.07565713091753423,-76.90150167654883
"Uni-criterion: distinctness, distances",greedySwap,200,2,60,0.33772983809467405,-82.65893651396253
"Multi-criterion: 100*(earthMoversDistance) + 1*(distinctness, distances)",greedySwap,200,2,80,15.733736847061664,-37.72502949783789
"Multi-criterion: 10*(earthMoversDistance) + 1*(distinctness, distances)",greedySwap,200,2,80,16.34970149002038,-79.21528178454805
"Multi-criterion: 1*(earthMoversDistance) + 1*(distinctness, distances)",greedySwap,200,2,80,16.09934757091105,-87.1484395780551
"Uni-criterion: distinctness, distances",greedyMixed,200,2,21,0.09933742694556713,-48.916226463106035
"Uni-criterion: distinctness, distances",greedyMixed,200,2,18,0.07778958394192159,-52.25319459589197
"Uni-criterion: distinctness, distances",greedyMixed,200,2,92,0.4698902699165046,-86.11815292551535
"Uni-criterion: preserveMetric, hull",greedyMinSubset,200,2,11,0.3114050959702581,0.0
"Uni-criterion: sum, outlierness",greedySwap,200,2,40,0.1782841000240296,-94.00493289823834
"Uni-criterion: distinctness, distances",greedySwap,200,2,60,0.6240650089457631,-81.66286493321189
"Multi-criterion: 100*(earthMoversDistance) + 1*(distinctness, distances)",greedySwap,200,2,80,15.76467304804828,-36.356196781059154
"Multi-criterion: 10*(earthMoversDistance) + 1*(distinctness, distances)",greedySwap,200,2,80,17.084750175010413,-78.89219470658081
"Multi-criterion: 1*(earthMoversDistance) + 1*(distinctness, distances)",greedySwap,200,2,80,18.41927482408937,-86.71818903727858
"Uni-criterion: preserveMetric, hull",greedyMinSubset,200,2,11,0.9344452220248058,0.0
"Uni-criterion: preserveMetric, hull",greedyMinSubset,200,2,10,0.8697499780682847,0.0
"Uni-criterion: preserveMetric, hull",greedyMinSubset,200,2,10,0.4994492910336703,0.0
"Uni-criterion: preserveMetric, hull",greedyMinSubset,200,2,10,0.4910243459744379,0.0
"Uni-criterion: preserveMetric, hull",greedyMinSubset,200,2,9,0.4479509260272607,0.0
"Uni-criterion: preserveMetric, hull",greedyMinSubset,200,2,9,0.7013822080334648,0.0
"Uni-criterion: preserveMetric, hull",greedyMinSubset,200,2,9,0.7932263310067356,0.0
"Uni-criterion: preserveMetric, hull",greedyMinSubset,200,2,10,0.925686597940512,0.0
"Uni-criterion: preserveMetric, hull",greedyMinSubset,200,2,10,0.9141074389917776,0.0
"Uni-criterion: preserveMetric, hull",greedyMinSubset,200,2,10,0.9515322380466387,0.0
"Uni-criterion: preserveMetric, hull",greedyMinSubset,200,2,10,0.8977055459981784,0.0
"Uni-criterion: preserveMetric, hull",greedyMinSubset,200,2,10,0.8896270530531183,0.0
"Uni-criterion: preserveMetric, hull",greedyMinSubset,200,2,10,1.3545968279941007,0.0
"Uni-criterion: preserveMetric, hull",greedyMinSubset,200,2,8,1.1011312199989334,0.0
"Uni-criterion: preserveMetric, hull",greedyMinSubset,200,2,8,0.8075686269439757,0.0
"Uni-criterion: preserveMetric, hull",greedyMinSubset,200,2,8,0.7807131060399115,0.0
"Uni-criterion: preserveMetric, hull",greedyMinSubset,200,2,8,0.9366903710179031,0.0
"Uni-criterion: preserveMetric, hull",greedyMinSubset,200,2,8,1.150744732003659,0.0
"Uni-criterion: preserveMetric, hull",greedyMinSubset,200,2,8,1.1362005930859596,0.0
"Uni-criterion: preserveMetric, hull",greedyMinSubset,200,2,8,0.6776644670171663,0.0
"Uni-criterion: preserveMetric, hull",greedyMinSubset,200,2,8,0.8283384050009772,0.0
"Uni-criterion: preserveMetric, hull",greedyMinSubset,200,2,8,0.7767721880227327,0.0
"Uni-criterion: preserveMetric, hull",greedyMinSubset,200,2,8,1.1211024429649115,0.0
"Uni-criterion: preserveMetric, hull",greedyMinSubset,200,2,8,1.1975002819672227,0.0
"Uni-criterion: preserveMetric, hull",greedyMinSubset,200,2,8,0.8234556920360774,0.0
"Uni-criterion: preserveMetric, hull",greedyMinSubset,200,2,8,0.7040190550033003,0.0
"Uni-criterion: preserveMetric, hull",greedyMinSubset,200,2,8,0.7956955870613456,0.0
"Uni-criterion: preserveMetric, hull",greedyMinSubset,200,2,8,0.6690607069758698,0.0
"Uni-criterion: preserveMetric, hull",greedyMinSubset,200,2,8,0.6585186719894409,0.0
"Uni-criterion: preserveMetric, hull",greedyMinSubset,200,2,8,0.6739458279917017,0.0
"Uni-criterion: preserveMetric, hull",greedyMinSubset,200,2,8,0.39736516401171684,0.0
"Uni-criterion: preserveMetric, hull",greedyMinSubset,200,2,8,0.8139416560297832,0.0
"Uni-criterion: preserveMetric, hull",greedyMinSubset,200,2,8,0.4658096390776336,0.0
"Uni-criterion: preserveMetric, hull",greedyMinSubset,200,2,8,0.5328066080110148,0.0
"Uni-criterion: preserveMetric, hull",greedyMinSubset,200,2,8,0.40911367000080645,0.0
"Uni-criterion: preserveMetric, hull",greedyMinSubset,200,2,8,0.42375491897109896,0.0
"Uni-criterion: preserveMetric, hull",greedyMinSubset,200,2,8,0.4381504019256681,0.0
"Uni-criterion: preserveMetric, hull",greedyMinSubset,200,2,8,1.0618235199945047,0.0
"Uni-criterion: preserveMetric, hull",greedyMinSubset,200,2,8,2.858548079035245,0.0
"Uni-criterion: preserveMetric, hull",greedyMinSubset,200,2,8,2.9225411330116913,0.0
"Uni-criterion: preserveMetric, hull",greedyMinSubset,200,2,8,2.8708883179351687,0.0
"Uni-criterion: preserveMetric, hull",greedyMinSubset,200,2,8,2.59070663806051,0.0
"Uni-criterion: preserveMetric, hull",greedyMinSubset,200,2,8,2.6839401100296527,0.0
"Uni-criterion: preserveMetric, hull",greedyMinSubset,200,2,8,2.401693034917116,0.0
"Uni-criterion: preserveMetric, hull",greedyMinSubset,200,2,8,2.6874031629413366,0.0
"Uni-criterion: preserveMetric, hull",greedyMinSubset,200,2,8,2.7578133980277926,0.0
"Uni-criterion: preserveMetric, hull",greedyMinSubset,200,2,8,2.5088547869818285,0.0
"Uni-criterion: preserveMetric, hull",greedyMinSubset,200,2,8,1.169300428009592,0.0
"Uni-criterion: preserveMetric, hull",greedyMinSubset,200,2,8,2.232280447962694,0.0
"Uni-criterion: preserveMetric, hull",greedyMinSubset,200,2,8,2.1939020979916677,0.0
"Uni-criterion: preserveMetric, hull",greedyMinSubset,200,2,8,2.139898219029419,0.0
"Uni-criterion: preserveMetric, hull",greedyMinSubset,200,2,8,2.007311812019907,0.0
"Uni-criterion: preserveMetric, hull",greedyMinSubset,200,2,8,2.013121727039106,0.0
"Uni-criterion: preserveMetric, hull",greedyMinSubset,200,2,8,1.9959770779823884,0.0
"Uni-criterion: preserveMetric, hull",greedyMinSubset,200,2,8,2.232953047961928,0.0
"Uni-criterion: preserveMetric, hull",greedyMinSubset,200,2,8,2.2974324349779636,0.0
"Uni-criterion: preserveMetric, hull",greedyMinSubset,200,2,8,2.105868001934141,0.0
"Uni-criterion: preserveMetric, hull",greedyMinSubset,200,2,8,2.038483888027258,0.0
"Uni-criterion: preserveMetric, hull",greedyMinSubset,200,2,8,2.2182905660010874,0.0
"Uni-criterion: preserveMetric, hull",greedyMinSubset,200,2,8,2.2297344179823995,0.0
"Uni-criterion: preserveMetric, hull",greedyMinSubset,200,2,8,2.181866207974963,0.0
"Uni-criterion: preserveMetric, hull",greedyMinSubset,200,2,8,2.459757408942096,0.0
"Uni-criterion: preserveMetric, hull",greedyMinSubset,200,2,8,2.0248638410121202,0.0
"Uni-criterion: preserveMetric, hull",greedyMinSubset,200,2,8,1.8204639760078862,0.0
"Uni-criterion: preserveMetric, hull",greedyMinSubset,200,2,8,2.1470516480039805,0.0
"Uni-criterion: preserveMetric, hull",greedyMinSubset,200,2,8,1.907505503972061,0.0
"Uni-criterion: preserveMetric, hull",greedyMinSubset,200,2,8,1.873534856014885,0.0
"Uni-criterion: preserveMetric, hull",greedyMinSubset,200,2,8,1.7429639380425215,0.0
"Uni-criterion: preserveMetric, hull",greedyMinSubset,200,2,8,1.8942721990169957,0.0
"Uni-criterion: preserveMetric, hull",greedyMinSubset,200,2,8,2.134770376025699,0.0
"Uni-criterion: preserveMetric, hull",greedyMinSubset,200,2,8,1.9120049610501155,0.0
"Uni-criterion: preserveMetric, hull",greedyMinSubset,200,2,8,2.98742147104349,0.0
"Uni-criterion: preserveMetric, hull",greedyMinSubset,200,2,8,2.976412029005587,0.0
"Uni-criterion: preserveMetric, hull",greedyMinSubset,200,2,8,2.9450863489182666,0.0
"Uni-criterion: preserveMetric, hull",greedyMinSubset,200,2,8,3.081287116976455,0.0
"Uni-criterion: preserveMetric, hull",greedyMinSubset,200,2,8,2.7693268969887868,0.0
"Uni-criterion: preserveMetric, hull",greedyMinSubset,200,2,8,2.8417827270459384,0.0
"Uni-criterion: preserveMetric, hull",greedyMinSubset,200,2,8,2.855016679968685,0.0
"Uni-criterion: preserveMetric, hull",greedyMinSubset,200,2,8,2.8780118320137262,0.0
"Uni-criterion: preserveMetric, hull",greedyMinSubset,200,2,8,2.8611697829328477,0.0
"Uni-criterion: preserveMetric, hull",greedyMinSubset,200,2,8,2.961038665031083,0.0
"Uni-criterion: preserveMetric, hull",greedyMinSubset,200,2,8,3.2737037639599293,0.0
"Uni-criterion: preserveMetric, hull",greedyMinSubset,200,2,8,3.3527815849520266,0.0
"Uni-criterion: preserveMetric, hull",greedyMinSubset,200,2,8,3.2911710800835863,0.0
"Uni-criterion: preserveMetric, hull",greedyMinSubset,200,2,8,3.5750179030001163,0.0
"Uni-criterion: preserveMetric, hull",greedyMinSubset,200,2,8,3.1241388369817287,0.0
"Uni-criterion: preserveMetric, hull",greedyMinSubset,200,2,8,3.108717106981203,0.0
"Uni-criterion: preserveMetric, hull",greedyMinSubset,200,2,8,2.9237201779615134,0.0
"Uni-criterion: preserveMetric, hull",greedyMinSubset,200,2,8,3.1779711049748585,0.0
"Uni-criterion: preserveMetric, hull",greedyMinSubset,200,2,8,3.0755136230727658,0.0
"Uni-criterion: preserveMetric, hull",greedyMinSubset,200,2,8,3.065400000079535,0.0
"Uni-criterion: preserveMetric, hull",greedyMinSubset,200,2,8,3.2507090859580785,0.0
"Uni-criterion: preserveMetric, hull",greedyMinSubset,200,2,10,3.2701174030080438,0.0
"Uni-criterion: preserveMetric, hull",greedyMinSubset,200,2,10,3.5799345769919455,0.0
"Uni-criterion: preserveMetric, hull",greedyMinSubset,200,2,10,3.3197142069693655,0.0
"Uni-criterion: preserveMetric, hull",greedyMinSubset,200,2,10,3.446158067905344,0.0
"Uni-criterion: preserveMetric, hull",greedyMinSubset,200,2,10,3.5796150349779055,0.0
"Uni-criterion: preserveMetric, hull",greedyMinSubset,200,2,11,3.578337203944102,0.0
"Uni-criterion: preserveMetric, hull",greedyMinSubset,200,2,11,3.711465527070686,0.0
"Uni-criterion: preserveMetric, hull",greedyMinSubset,200,2,11,4.2906140179838985,0.0
"Uni-criterion: preserveMetric, hull",greedyMinSubset,200,2,10,3.549799660919234,0.0
"Uni-criterion: sum, outlierness",greedySwap,200,2,40,0.06814886396750808,-89.60162497757574
"Uni-criterion: sum, outlierness",greedySwap,200,2,40,36.6902008849429,-89.60162497757574
"Uni-criterion: distinctness, distances",greedySwap,200,2,60,0.3224127379944548,-79.90049127593495
"Uni-criterion: distinctness, distances",greedySwap,200,2,60,36.83346623403486,-80.79567585790252
"Multi-criterion: 100*(earthMoversDistance) + 1*(distinctness, distances)",greedySwap,200,2,80,15.037519195000641,-37.37670531499123
"Multi-criterion: 100*(earthMoversDistance) + 1*(distinctness, distances)",greedySwap,200,2,80,50.97084774100222,-39.22812364018983
"Multi-criterion: 10*(earthMoversDistance) + 1*(distinctness, distances)",greedySwap,200,2,80,53.80880820809398,-76.04688048633925
"Multi-criterion: 1*(earthMoversDistance) + 1*(distinctness, distances)",greedySwap,200,2,80,53.854620625963435,-85.06005136858656
"Uni-criterion: distinctness, distances",greedyMixed,200,2,10,0.04771749395877123,-38.18019263929493
"Uni-criterion: distinctness, distances",greedyMixed,200,2,52,0.22991829796228558,-58.48640809913543
"Uni-criterion: distinctness, distances",greedyMixed,200,2,87,0.42976776498835534,-81.60528780506851
"Uni-criterion: distinctness, distances",greedyMixed,200,2,23,4.512196074007079,-47.91799174414664
"Uni-criterion: distinctness, distances",greedyMixed,200,2,27,5.162200314924121,-55.62985637521753
"Uni-criterion: distinctness, distances",greedyMixed,200,2,88,17.476347186020575,-81.49231730696414
"Uni-criterion: distinctness, distances",greedyMixed,200,2,19,3.7761652149492875,-46.45876245484051
"Uni-criterion: distinctness, distances",greedyMixed,200,2,31,6.059022648027167,-56.28867409761743
"Uni-criterion: distinctness, distances",greedyMixed,200,2,52,9.988744632923044,-68.26740153361762
"Uni-criterion: preserveMetric, hull",greedyMinSubset,200,2,8,1.5993863749899901,0.0
"Uni-criterion: preserveMetric, hull",greedyMinSubset,200,2,8,1.6223593750037253,0.0
"Uni-criterion: preserveMetric, hull",greedyMinSubset,200,2,8,1.5967154169920832,0.0
"Uni-criterion: preserveMetric, hull",greedyMinSubset,200,2,8,1.6371228330535814,0.0
"Uni-criterion: preserveMetric, hull",greedyMinSubset,200,2,8,1.5591317089856602,0.0
"Uni-criterion: preserveMetric, hull",greedyMinSubset,200,2,8,1.5410784999839962,0.0
"Uni-criterion: preserveMetric, hull",greedyMinSubset,200,2,9,1.7407372090383433,0.0
"Uni-criterion: sum, outlierness",greedySwap,200,2,40,19.915700916026253,-74.51529436755656
"Uni-criterion: preserveMetric, hull",greedyMinSubset,200,2,12,1.7716653749812394,0.0
"Uni-criterion: sum, outlierness",greedySwap,200,2,40,18.671704333042726,-82.64301826830457
"Uni-criterion: distinctness, distances",greedySwap,200,2,60,18.873733290995006,-79.88390963586856
"Uni-criterion: distinctness, distances",greedySwap,200,2,60,18.94746529200347,-78.93792765168597
"Uni-criterion: distinctness, distances",greedySwap,200,2,60,18.676630625035614,-81.11222748485184
"Uni-criterion: preserveMetric, hull",greedyMinSubset,200,2,9,1.5380082500050776,0.0
"Uni-criterion: sum, outlierness",greedySwap,200,2,40,19.13414279196877,-101.79951189373548
"Uni-criterion: distinctness, distances",greedySwap,200,2,60,19.504528207995463,-82.69295229994897
"Multi-criterion: 100*(earthMoversDistance) + 1*(distinctness, distances)",greedySwap,200,2,80,27.646131957997568,-9.586927803329516
"Uni-criterion: preserveMetric, hull",greedyMinSubset,200,2,8,1.3506282920134254,0.0
"Uni-criterion: sum, outlierness",greedySwap,200,2,40,18.698643000039738,-91.27269602941286
"Uni-criterion: distinctness, distances",greedySwap,200,2,60,19.088251832989044,-83.73052249701554
"Multi-criterion: 100*(earthMoversDistance) + 1*(distinctness, distances)",greedySwap,200,2,80,27.596956500026863,-28.323528866632472
"Multi-criterion: 10*(earthMoversDistance) + 1*(distinctness, distances)",greedySwap,200,2,80,28.91394045902416,-78.79223690081052
"Multi-criterion: 1*(earthMoversDistance) + 1*(distinctness, distances)",greedySwap,200,2,80,29.87272399995709,-88.77518105360193
"Uni-criterion: distinctness, distances",greedyMixed,200,2,34,3.1218839999637567,-54.02590155574873
"Uni-criterion: distinctness, distances",greedyMixed,200,2,53,4.75682016601786,-65.84793745401106
"Uni-criterion: distinctness, distances",greedyMixed,200,2,117,11.389940416032914,-91.8811253695402
"Uni-criterion: preserveMetric, mean",worstOfRandom,1000,10,10,0.03149108396610245,9.746350200824464
"Uni-criterion: preserveMetric, mean",bestOfRandom,1000,10,10,0.03309020900633186,1.875624755675222
"Uni-criterion: preserveMetric, mean",greedySwap,1000,10,10,0.13509320904267952,0.6983086942385055
"Uni-criterion: preserveMetric, mean",worstOfRandom,1000,10,10,0.03057612502016127,8.785478943327188
"Uni-criterion: preserveMetric, mean",bestOfRandom,1000,10,10,0.03133266599616036,1.283697690627765
"Uni-criterion: preserveMetric, mean",greedySwap,1000,10,10,0.1356660000164993,0.8497831343173923
"Uni-criterion: preserveMetric, range",worstOfRandom,1000,10,10,0.02885525004239753,107.69132704076912
"Uni-criterion: preserveMetric, range",bestOfRandom,1000,10,10,0.028507000009994954,67.07039674896329
"Uni-criterion: preserveMetric, range",greedySwap,1000,10,10,0.11565737501950935,23.139741839423703
"Uni-criterion: preserveMetric, variance",worstOfRandom,1000,10,10,0.0366310840472579,36.806018737452575
"Uni-criterion: preserveMetric, variance",bestOfRandom,1000,10,10,0.035741332976613194,4.453551212006728
"Uni-criterion: preserveMetric, variance",greedySwap,1000,10,10,0.1831911249901168,1.7334133199830544
Uni-criterion: pcpLineCrossings,worstOfRandom,1000,10,10,0.1600289999623783,255.0
Uni-criterion: pcpLineCrossings,bestOfRandom,1000,10,10,0.15562254202086478,142.0
Uni-criterion: pcpLineCrossings,greedySwap,1000,10,10,1.4070941249956377,84.0
Uni-criterion: discreteCoverage,worstOfRandom,1000,10,10,0.02802083396818489,-25.0
Uni-criterion: discreteCoverage,bestOfRandom,1000,10,10,0.027418583049438894,-41.0
Uni-criterion: discreteCoverage,greedySwap,1000,10,10,0.1080282919574529,-51.0
"Uni-criterion: preserveMetric, mean",worstOfRandom,1000,10,10,0.03162262495607138,9.367985416624826
"Uni-criterion: preserveMetric, mean",bestOfRandom,1000,10,10,0.03300520800985396,1.7204943687152994
"Uni-criterion: preserveMetric, mean",greedySwap,1000,10,10,0.13718345802044496,0.8341892699515281
"Uni-criterion: preserveMetric, range",worstOfRandom,1000,10,10,0.029467792017385364,107.49688110765481
"Uni-criterion: preserveMetric, range",bestOfRandom,1000,10,10,0.02926216699415818,65.88642945667051
"Uni-criterion: preserveMetric, range",greedySwap,1000,10,10,0.11696783301886171,23.139741839423703
"Uni-criterion: preserveMetric, variance",worstOfRandom,1000,10,10,0.03700304200174287,39.385639538080866
"Uni-criterion: preserveMetric, variance",bestOfRandom,1000,10,10,0.03694175003329292,5.277926075787287
"Uni-criterion: preserveMetric, variance",greedySwap,1000,10,10,0.18448087497381493,1.3853967834626386
Uni-criterion: pcpLineCrossings,worstOfRandom,1000,10,10,0.15710149996448308,260.0
Uni-criterion: pcpLineCrossings,bestOfRandom,1000,10,10,0.1611565420171246,140.0
Uni-criterion: pcpLineCrossings,greedySwap,1000,10,10,1.3649509999668226,84.0
Uni-criterion: discreteCoverage,worstOfRandom,1000,10,10,0.027745167026296258,-22.0
Uni-criterion: discreteCoverage,bestOfRandom,1000,10,10,0.028846125002019107,-40.0
Uni-criterion: discreteCoverage,greedySwap,1000,10,10,0.1094353329972364,-53.0
"Uni-criterion: preserveMetric, mean",worstOfRandom,1000,10,10,0.03239875001600012,9.578973427492581
"Uni-criterion: preserveMetric, mean",bestOfRandom,1000,10,10,0.03124462498817593,1.5439022705767063
"Uni-criterion: preserveMetric, mean",greedySwap,1000,10,10,0.13468258298235014,0.5645896564857737
"Uni-criterion: preserveMetric, range",worstOfRandom,1000,10,10,0.028955041023436934,107.72421714338023
"Uni-criterion: preserveMetric, range",bestOfRandom,1000,10,10,0.028356958006042987,67.58828996561832
"Uni-criterion: preserveMetric, range",greedySwap,1000,10,10,0.11515762499766424,23.139741839423703
"Uni-criterion: preserveMetric, variance",worstOfRandom,1000,10,10,0.03688679198967293,37.21571784894402
"Uni-criterion: preserveMetric, variance",bestOfRandom,1000,10,10,0.03633804200217128,6.65960192000154
"Uni-criterion: preserveMetric, variance",greedySwap,1000,10,10,0.1825874579953961,1.5669397702256196
Uni-criterion: pcpLineCrossings,worstOfRandom,1000,10,10,0.1594034589943476,247.0
Uni-criterion: pcpLineCrossings,bestOfRandom,1000,10,10,0.15731549996417016,147.0
Uni-criterion: pcpLineCrossings,greedySwap,1000,10,10,1.347466584003996,79.0
Uni-criterion: discreteCoverage,worstOfRandom,1000,10,10,0.027714084018953145,-23.0
Uni-criterion: discreteCoverage,bestOfRandom,1000,10,10,0.027603540976997465,-40.0
Uni-criterion: discreteCoverage,greedySwap,1000,10,10,0.10711658396758139,-52.0
"Uni-criterion: preserveMetric, hull",greedyMinSubset,200,2,14,2.1909652910544537,0.0
"Uni-criterion: preserveMetric, hull",greedyMinSubset,200,2,14,2.2683299589552917,0.0
"Uni-criterion: preserveMetric, hull",greedyMinSubset,200,2,14,2.066826583002694,0.0
"Uni-criterion: preserveMetric, hull",greedyMinSubset,200,2,9,1.7192705830093473,0.0
"Uni-criterion: sum, outlierness",greedySwap,200,2,40,19.73676533298567,-82.93819350290114
"Uni-criterion: preserveMetric, hull",greedyMinSubset,200,2,8,1.4530004999833182,0.0
"Uni-criterion: sum, outlierness",greedySwap,200,2,40,19.50315895798849,-81.33005798859206
"Uni-criterion: distinctness, distances",greedySwap,200,2,60,19.418719583016355,-79.92855064016426
"Multi-criterion: 100*(earthMoversDistance) + 1*(distinctness, distances)",greedySwap,200,2,80,29.763772000034805,-19.636367055321934
"Multi-criterion: 10*(earthMoversDistance) + 1*(distinctness, distances)",greedySwap,200,2,80,30.967287999985274,-75.70624917150667
"Multi-criterion: 1*(earthMoversDistance) + 1*(distinctness, distances)",greedySwap,200,2,80,32.97836916701635,-85.32239689755022
"Uni-criterion: distinctness, distances",greedyMixed,200,2,16,1.4174727080389857,-45.30214590087581
"Uni-criterion: distinctness, distances",greedyMixed,200,2,42,4.033544040983543,-60.27525846282565
"Uni-criterion: distinctness, distances",greedyMixed,200,2,101,10.282741040980909,-83.79201371833615
"Uni-criterion: preserveMetric, mean",worstOfRandom,1000,10,10,0.03226862498559058,9.922234434250775
"Uni-criterion: preserveMetric, mean",bestOfRandom,1000,10,10,0.03248474997235462,1.2654899924021343
"Uni-criterion: preserveMetric, mean",greedySwap,1000,10,10,0.1478113749762997,0.6506836118481798
"Uni-criterion: preserveMetric, range",worstOfRandom,1000,10,10,0.029829457984305918,107.22637907407257
"Uni-criterion: preserveMetric, range",bestOfRandom,1000,10,10,0.029720916005317122,68.3020041755745
"Uni-criterion: preserveMetric, range",greedySwap,1000,10,10,0.1190170839545317,23.54077076233111
"Uni-criterion: preserveMetric, variance",worstOfRandom,1000,10,10,0.03745424997759983,35.00049662131349
"Uni-criterion: preserveMetric, variance",bestOfRandom,1000,10,10,0.03773487498983741,6.478539094095011
"Uni-criterion: preserveMetric, variance",greedySwap,1000,10,10,0.23249041702365503,1.5401088628047819
Uni-criterion: pcpLineCrossings,worstOfRandom,1000,10,10,0.16636683302931488,252.0
Uni-criterion: pcpLineCrossings,bestOfRandom,1000,10,10,0.16326858301181346,148.0
Uni-criterion: pcpLineCrossings,greedySwap,1000,10,10,1.4141854170011356,81.0
Uni-criterion: discreteCoverage,worstOfRandom,1000,10,10,0.028484416019637138,-24.0
Uni-criterion: discreteCoverage,bestOfRandom,1000,10,10,0.02972933405544609,-40.0
Uni-criterion: discreteCoverage,greedySwap,1000,10,10,0.11023137503070757,-53.0
"Uni-criterion: preserveMetric, mean",worstOfRandom,1000,10,10,0.03247941599693149,9.816208152355278
"Uni-criterion: preserveMetric, mean",bestOfRandom,1000,10,10,0.03148466703714803,1.3955204765531009
"Uni-criterion: preserveMetric, mean",greedySwap,1000,10,10,0.13641358399763703,0.7241045353106403
"Uni-criterion: preserveMetric, range",worstOfRandom,1000,10,10,0.029160792008042336,108.16716376309864
"Uni-criterion: preserveMetric, range",bestOfRandom,1000,10,10,0.028442166978493333,68.81424090151087
"Uni-criterion: preserveMetric, range",greedySwap,1000,10,10,0.11633666703710333,23.139741839423703
"Uni-criterion: preserveMetric, variance",worstOfRandom,1000,10,10,0.03712366602849215,40.785591877398225
"Uni-criterion: preserveMetric, variance",bestOfRandom,1000,10,10,0.03628495801240206,6.439194828380883
"Uni-criterion: preserveMetric, variance",greedySwap,1000,10,10,0.18609391595236957,1.9003229632215415
Uni-criterion: pcpLineCrossings,worstOfRandom,1000,10,10,0.15996279200771824,253.0
Uni-criterion: pcpLineCrossings,bestOfRandom,1000,10,10,0.15998200001195073,150.0
Uni-criterion: pcpLineCrossings,greedySwap,1000,10,10,1.3722217089962214,79.0
Uni-criterion: discreteCoverage,worstOfRandom,1000,10,10,0.027994916948955506,-25.0
Uni-criterion: discreteCoverage,bestOfRandom,1000,10,10,0.02811316604493186,-41.0
Uni-criterion: discreteCoverage,greedySwap,1000,10,10,0.1082418339792639,-51.0
"Uni-criterion: preserveMetric, hull",greedyMinSubset,200,2,7,1.45780079200631,0.0
"Uni-criterion: preserveMetric, hull",greedyMinSubset,200,2,11,2.036223000031896,0.0
"Uni-criterion: preserveMetric, hull",greedyMinSubset,200,2,11,2.0904491250403225,0.0
"Uni-criterion: sum, outlierness",greedySwap,200,2,40,20.23687483294634,-91.00333815958669
"Uni-criterion: distinctness, distances",greedySwap,200,2,60,20.040400374971796,-78.48137767235607
"Uni-criterion: preserveMetric, hull",greedyMinSubset,200,2,11,1.8701672500465065,0.0
"Uni-criterion: preserveMetric, hull",greedyMinSubset,200,2,11,2.0351214159745723,0.0
"Uni-criterion: preserveMetric, hull",greedyMinSubset,200,2,11,2.0523117499542423,0.0
"Uni-criterion: preserveMetric, hull",greedyMinSubset,200,2,11,2.1378339169896208,0.0
"Uni-criterion: preserveMetric, hull",greedyMinSubset,200,2,13,2.076155499962624,0.0
"Uni-criterion: sum, outlierness",greedySwap,200,2,40,19.94452470797114,-79.26210488209729
"Uni-criterion: distinctness, distances",greedySwap,200,2,60,20.126959082961548,-80.99749799207986
"Multi-criterion: 100*(earthMoversDistance) + 1*(distinctness, distances)",greedySwap,200,2,80,28.491629583004396,-41.37081562720256
"Multi-criterion: 10*(earthMoversDistance) + 1*(distinctness, distances)",greedySwap,200,2,80,30.899542166967876,-77.8320340183226
"Multi-criterion: 1*(earthMoversDistance) + 1*(distinctness, distances)",greedySwap,200,2,80,31.3952782919514,-85.63937049582806
"Uni-criterion: distinctness, distances",greedyMixed,200,2,8,0.5710188330267556,-38.873001026697466
"Uni-criterion: distinctness, distances",greedyMixed,200,2,48,4.484663374954835,-65.33141234890499
"Uni-criterion: distinctness, distances",greedyMixed,200,2,90,8.940383874985855,-87.6869836800182
"Uni-criterion: preserveMetric, hull",greedyMinSubset,200,2,7,1.1763648330233991,0.0
"Uni-criterion: sum, outlierness",greedySwap,200,2,40,19.280139249982312,-86.08427535729037
"Uni-criterion: distinctness, distances",greedySwap,200,2,60,19.662662583054043,-80.03777614872502
"Multi-criterion: 100*(earthMoversDistance) + 1*(distinctness, distances)",greedySwap,200,2,80,28.582250291015953,-30.545537136884846
"Multi-criterion: 10*(earthMoversDistance) + 1*(distinctness, distances)",greedySwap,200,2,80,29.43366891698679,-77.775231720706
"Multi-criterion: 1*(earthMoversDistance) + 1*(distinctness, distances)",greedySwap,200,2,80,30.12635512498673,-86.63390115723539
"Uni-criterion: distinctness, distances",greedyMixed,200,2,10,0.7451257079956122,-44.46946744862466
"Uni-criterion: distinctness, distances",greedyMixed,200,2,20,1.8204744579852559,-51.387319063457184
"Uni-criterion: distinctness, distances",greedyMixed,200,2,91,8.708938291994855,-83.55099579499927
"Uni-criterion: preserveMetric, mean",worstOfRandom,1000,10,10,0.03254799998831004,10.047599342842119
"Uni-criterion: preserveMetric, mean",bestOfRandom,1000,10,10,0.030866124958265573,1.5127671645017695
"Uni-criterion: preserveMetric, mean",greedySwap,1000,10,10,0.13711758301360533,0.6517069401420625
"Uni-criterion: preserveMetric, mean",worstOfRandom,1000,10,10,0.03169650002382696,10.352444308912636
"Uni-criterion: preserveMetric, mean",bestOfRandom,1000,10,10,0.031251707987394184,1.84179663194994
"Uni-criterion: preserveMetric, mean",greedySwap,1000,10,10,0.13969541597180068,0.5919923919957719
"Uni-criterion: preserveMetric, range",worstOfRandom,1000,10,10,0.029848749982193112,106.96042477858103
"Uni-criterion: preserveMetric, range",bestOfRandom,1000,10,10,0.02933895803289488,62.00273668927023
"Uni-criterion: preserveMetric, range",greedySwap,1000,10,10,0.11739029205637053,25.002062389579734
"Uni-criterion: preserveMetric, variance",worstOfRandom,1000,10,10,0.03662162501132116,41.0437843947982
"Uni-criterion: preserveMetric, variance",bestOfRandom,1000,10,10,0.036427166021894664,5.725120973396069
"Uni-criterion: preserveMetric, variance",greedySwap,1000,10,10,0.1854465839569457,2.2563115672567284
Uni-criterion: pcpLineCrossings,worstOfRandom,1000,10,10,0.16878279100637883,255.0
Uni-criterion: pcpLineCrossings,bestOfRandom,1000,10,10,0.16583125002216548,152.0
Uni-criterion: pcpLineCrossings,greedySwap,1000,10,10,1.4888278339640237,81.0
Uni-criterion: discreteCoverage,worstOfRandom,1000,10,10,0.030805874965153635,-25.0
Uni-criterion: discreteCoverage,bestOfRandom,1000,10,10,0.03004174999659881,-39.0
Uni-criterion: discreteCoverage,greedySwap,1000,10,10,0.113004999991972,-53.0
"Uni-criterion: preserveMetric, mean",worstOfRandom,1000,10,10,0.03212291601812467,9.044336234366508
"Uni-criterion: preserveMetric, mean",bestOfRandom,1000,10,10,0.03254700003890321,1.6005041607949717
"Uni-criterion: preserveMetric, mean",greedySwap,1000,10,10,0.1416176250204444,0.6385670192485702
"Uni-criterion: preserveMetric, range",worstOfRandom,1000,10,10,0.02925570897059515,107.51762743389361
"Uni-criterion: preserveMetric, range",bestOfRandom,1000,10,10,0.029199208016507328,66.06682464621073
"Uni-criterion: preserveMetric, range",greedySwap,1000,10,10,0.11870699998689815,23.54077076233111
"Uni-criterion: preserveMetric, variance",worstOfRandom,1000,10,10,0.03798908297903836,37.03329726511455
"Uni-criterion: preserveMetric, variance",bestOfRandom,1000,10,10,0.03823337494395673,6.066267919819063
"Uni-criterion: preserveMetric, variance",greedySwap,1000,10,10,0.19287695799721405,2.1502724725188447
Uni-criterion: pcpLineCrossings,worstOfRandom,1000,10,10,0.17081766697810963,253.0
Uni-criterion: pcpLineCrossings,bestOfRandom,1000,10,10,0.1678261249908246,143.0
Uni-criterion: pcpLineCrossings,greedySwap,1000,10,10,1.413866707996931,84.0
Uni-criterion: discreteCoverage,worstOfRandom,1000,10,10,0.030076583032496274,-24.0
Uni-criterion: discreteCoverage,bestOfRandom,1000,10,10,0.029868667013943195,-40.0
Uni-criterion: discreteCoverage,greedySwap,1000,10,10,0.11479362496174872,-50.0
"Uni-criterion: preserveMetric, mean",worstOfRandom,1000,10,10,0.03610804199706763,8.722404035301253
"Uni-criterion: preserveMetric, mean",bestOfRandom,1000,10,10,0.8900277499924414,1.5760483588371639
"Uni-criterion: preserveMetric, mean",greedySwap,1000,10,10,1.751563084020745,0.6011165318456932
"Uni-criterion: preserveMetric, range",worstOfRandom,1000,10,10,0.03245216701179743,111.30692681885058
"Uni-criterion: preserveMetric, range",bestOfRandom,1000,10,10,0.7985974159673788,66.67050961958661
"Uni-criterion: preserveMetric, range",greedySwap,1000,10,10,1.4147181659936905,23.139741839423703
"Uni-criterion: preserveMetric, variance",worstOfRandom,1000,10,10,0.0422907080501318,33.176048479952314
"Uni-criterion: preserveMetric, variance",bestOfRandom,1000,10,10,0.8158965000184253,6.3198757015252225
"Uni-criterion: preserveMetric, variance",greedySwap,1000,10,10,1.2828757079550996,1.7807489049273597
Uni-criterion: pcpLineCrossings,worstOfRandom,1000,10,10,0.1790677079698071,251.0
Uni-criterion: pcpLineCrossings,bestOfRandom,1000,10,10,1.0236284579732455,145.0
Uni-criterion: pcpLineCrossings,greedySwap,1000,10,10,3.00146133400267,83.0
Uni-criterion: discreteCoverage,worstOfRandom,1000,10,10,0.030649000022094697,-23.0
Uni-criterion: discreteCoverage,bestOfRandom,1000,10,10,0.7414961669710465,-40.0
Uni-criterion: discreteCoverage,greedySwap,1000,10,10,1.3234205420012586,-51.0
Uni-criterion: discreteCoverage,worstOfRandom,1000,10,10,0.03329587500775233,-25.0
Uni-criterion: discreteCoverage,bestOfRandom,1000,10,10,0.7910171250114217,-41.0
Uni-criterion: discreteCoverage,greedySwap,1000,10,10,1.6512539169634692,-52.0
"Uni-criterion: preserveMetric, discreteDistribution",worstOfRandom,1000,10,10,0.03391329199075699,6.049
"Uni-criterion: preserveMetric, discreteDistribution",bestOfRandom,1000,10,10,0.8916987080010585,2.6590000000000003
"Uni-criterion: preserveMetric, discreteDistribution",greedySwap,1000,10,10,1.4785250829881988,1.5870000000000002
"Uni-criterion: preserveMetric, mean",worstOfRandom,1000,10,10,0.03363075002562255,9.488891946937137
"Uni-criterion: preserveMetric, mean",bestOfRandom,1000,10,10,0.03323070798069239,1.7325106905801981
"Uni-criterion: preserveMetric, mean",greedySwap,1000,10,10,0.14181449997704476,0.993510367915132
"Uni-criterion: preserveMetric, range",worstOfRandom,1000,10,10,0.030630833003669977,107.74040450191401
"Uni-criterion: preserveMetric, range",bestOfRandom,1000,10,10,0.030743208015337586,67.50990947413788
"Uni-criterion: preserveMetric, range",greedySwap,1000,10,10,0.12161650002235547,23.139741839423703
"Uni-criterion: preserveMetric, variance",worstOfRandom,1000,10,10,0.03869558300357312,36.08359248497618
"Uni-criterion: preserveMetric, variance",bestOfRandom,1000,10,10,0.037813166971318424,4.727022568274515
"Uni-criterion: preserveMetric, variance",greedySwap,1000,10,10,0.1919590830220841,1.4949713537523102
Uni-criterion: pcpLineCrossings,worstOfRandom,1000,10,10,0.16555879201041535,258.0
Uni-criterion: pcpLineCrossings,bestOfRandom,1000,10,10,0.16591545898700133,143.0
Uni-criterion: pcpLineCrossings,greedySwap,1000,10,10,1.4898162499885075,84.0
Uni-criterion: discreteCoverage,worstOfRandom,1000,10,10,0.03924141702009365,-9.0
Uni-criterion: discreteCoverage,bestOfRandom,1000,10,10,0.03844091697828844,-10.0
Uni-criterion: discreteCoverage,greedySwap,1000,10,10,0.16606529202545062,-10.0
"Uni-criterion: preserveMetric, discreteDistribution",worstOfRandom,1000,10,10,0.043200917018111795,1.9800000000000009
"Uni-criterion: preserveMetric, discreteDistribution",bestOfRandom,1000,10,10,0.04325049999170005,1.9660000000000004
"Uni-criterion: preserveMetric, discreteDistribution",greedySwap,1000,10,10,0.20922733301995322,1.9460000000000002
Uni-criterion: discreteCoverage,worstOfRandom,1000,10,10,0.038066749984864146,-19.0
Uni-criterion: discreteCoverage,bestOfRandom,1000,10,10,0.03508079197490588,-20.0
Uni-criterion: discreteCoverage,greedySwap,1000,10,10,0.16576499998336658,-20.0
"Uni-criterion: preserveMetric, discreteDistribution",worstOfRandom,1000,10,10,0.04087150003761053,2.1860000000000004
"Uni-criterion: preserveMetric, discreteDistribution",bestOfRandom,1000,10,10,0.042124792002141476,1.9740000000000006
"Uni-criterion: preserveMetric, discreteDistribution",greedySwap,1000,10,10,0.2005893339519389,1.9560000000000002
"Uni-criterion: preserveMetric, discreteDistribution",worstOfRandom,1000,10,10,0.04175350000150502,2.1820000000000004
"Uni-criterion: preserveMetric, discreteDistribution",bestOfRandom,1000,10,10,0.0409506669966504,1.9740000000000004
"Uni-criterion: preserveMetric, discreteDistribution",greedySwap,1000,10,10,0.19940333301201463,1.9560000000000002
"Uni-criterion: preserveMetric, mean",worstOfRandom,1000,10,10,0.03280208300566301,9.211200437575142
"Uni-criterion: preserveMetric, mean",bestOfRandom,1000,10,10,0.032834541983902454,1.7398162907885308
"Uni-criterion: preserveMetric, mean",greedySwap,1000,10,10,0.14519937499426305,0.43629012597835737
"Uni-criterion: preserveMetric, range",worstOfRandom,1000,10,10,0.031925124989356846,108.0404165531843
"Uni-criterion: preserveMetric, range",bestOfRandom,1000,10,10,0.03126587503356859,65.97771927011533
"Uni-criterion: preserveMetric, range",greedySwap,1000,10,10,0.12222170899622142,30.511518115710196
"Uni-criterion: preserveMetric, variance",worstOfRandom,1000,10,10,0.037976333987899125,41.87975538824345
"Uni-criterion: preserveMetric, variance",bestOfRandom,1000,10,10,0.037930666003376245,5.246191988862466
"Uni-criterion: preserveMetric, variance",greedySwap,1000,10,10,0.19719308300409466,1.9083246145187769
Uni-criterion: pcpLineCrossings,worstOfRandom,1000,10,10,0.17234212497714907,251.0
Uni-criterion: pcpLineCrossings,bestOfRandom,1000,10,10,0.17250116699142382,156.0
Uni-criterion: pcpLineCrossings,greedySwap,1000,10,10,1.523261750000529,84.0
Uni-criterion: discreteCoverage,worstOfRandom,1000,10,10,0.030759708024561405,-25.0
Uni-criterion: discreteCoverage,bestOfRandom,1000,10,10,0.02988929202547297,-39.0
Uni-criterion: discreteCoverage,greedySwap,1000,10,10,0.11618933296995237,-51.0
"Uni-criterion: preserveMetric, discreteDistribution",worstOfRandom,1000,10,10,0.03553737502079457,5.698
"Uni-criterion: preserveMetric, discreteDistribution",bestOfRandom,1000,10,10,0.03606312500778586,2.5380000000000003
"Uni-criterion: preserveMetric, discreteDistribution",greedySwap,1000,10,10,0.15127062500687316,1.8699999999999999
"Uni-criterion: preserveMetric, hull",greedyMinSubset,200,2,11,1.9820149590377696,0.0
"Uni-criterion: preserveMetric, hull",greedyMinSubset,200,2,10,1.793686541961506,0.0
"Uni-criterion: sum, outlierness",greedySwap,200,2,40,19.60636566701578,-76.36947437384411
"Uni-criterion: distinctness, distances",greedySwap,200,2,60,17.648735874972772,-73.01653997986044
"Multi-criterion: 100*(earthMoversDistance) + 1*(distinctness, distances)",greedySwap,200,2,80,26.837066082982346,-37.53821483661619
"Multi-criterion: 10*(earthMoversDistance) + 1*(distinctness, distances)",greedySwap,200,2,80,27.750843207992148,-75.42539534933302
"Multi-criterion: 1*(earthMoversDistance) + 1*(distinctness, distances)",greedySwap,200,2,80,29.25690754200332,-82.12443869173256
"Uni-criterion: distinctness, distances",greedyMixed,200,2,15,1.2279469579807483,-42.31955208426664
"Uni-criterion: distinctness, distances",greedyMixed,200,2,28,2.4987884160364047,-54.693308613641754
"Uni-criterion: distinctness, distances",greedyMixed,200,2,101,9.423384332971182,-80.99017120491125
